chave_nfce;data_emissao;vendedor_razao_social;consumidor_cpf;valor_total_tributos;descricao_produto;categoria_ods;quantidade;valor_unitario;valor_total_item;data_emissao_dt
43250894353554000116650010006450391910360010;27/08/2025;JOAO RENATO ROSSETTI;Não informado;0,00;REFRIGERANTE COCA COLA 600ML;Carboidratos_Processados;1,0;7,0;7,0;2025-08-27
43250894353554000116650010006450391910360010;27/08/2025;JOAO RENATO ROSSETTI;Não informado;0,00;PASTEL DE CARNE;Proteina_Alta_Carbono;1,0;12,0;12,0;2025-08-27
43250993489243001007650020024260741150990165;10/09/2025;COML BUFFON COMB E TRANSP LTDA - POSTO 10;Não informado;134,12;OLEO DIESEL B S10 Bc-19;Combustiveis_Fosseis;57,06;6,44;367,46;2025-09-10
43251009273885000339650160001519111487083800;31/10/2025;VIA MAIS REDE DE POSTOS S.A. - F3;Não informado;61,47;OLEO DIESEL S10 B:55;Combustiveis_Fosseis;39,406;6,29;247,86;2025-10-31
43251015626108000161650010000311331921146328;30/10/2025;JAIRO ANSELMO DOS PASSOS;Não informado;0,00;FECHADURA INTERNA-POP SOPRANO;Utensilios_Domesticos;1,0;69,9;69,9;2025-10-30
43251091411256004134650050000912301843676238;07/10/2025;SANDER COMERCIO DE COMBUSTIVEIS LTDA;Não informado;20,27;DIESEL S 10;Combustiveis_Fosseis;27,29;6,19;168,92;2025-10-07
43251111933008000127650140001098431073639792;25/11/2025;J. C. BARCELLOS E CIA. LTDA.;Não informado;0,00;GC GASOLINA COMUM;Combustiveis_Fosseis;16,051;6,23;100,0;2025-11-25
43251122726849000180650010001090741141772934;06/11/2025;Pe Direito Materiais de Construcao Ltda;Não informado;0,00;ESPATULA DE PLASTICO 131CM - ATLAS 152/2;Utensilios_Domesticos;1,0;5,25;5,25;2025-11-06
43251122726849000180650010001090741141772934;06/11/2025;Pe Direito Materiais de Construcao Ltda;Não informado;0,00;ESPATULA DE PLA STICO 6 - PARABONI 101268;Nao_Classificado;1,0;7,75;7,75;2025-11-06
43251122726849000180650010001090741141772934;06/11/2025;Pe Direito Materiais de Construcao Ltda;Não informado;0,00;GESSO 1000G - NACIONAL 46213;Nao_Classificado;1,0;5,0;5,0;2025-11-06
43251142591651252703650220000756811550760868;23/11/2025;ARCOS DOURADOS COMERCIO DE ALIMENTOS SA;Não informado;3,70;CB PrAF;Nao_Classificado;1,0;7,4;7,4;2025-11-23
43251142591651252703650220000756811550760868;23/11/2025;ARCOS DOURADOS COMERCIO DE ALIMENTOS SA;Não informado;3,70;Bat M PrAF;Carboidratos_Processados;1,0;5,5;5,5;2025-11-23
43251142591651252703650220000756811550760868;23/11/2025;ARCOS DOURADOS COMERCIO DE ALIMENTOS SA;Não informado;3,70;Coca P PrAF;Nao_Classificado;1,0;10,5;10,5;2025-11-23
43251142591651252703650220000756811550760868;23/11/2025;ARCOS DOURADOS COMERCIO DE ALIMENTOS SA;Não informado;3,70;CasMis BLPrAF;Nao_Classificado;1,0;2,5;2,5;2025-11-23
43251142591651252703650220000756811550760868;23/11/2025;ARCOS DOURADOS COMERCIO DE ALIMENTOS SA;Não informado;3,70;Extra Chocolate;Nao_Classificado;1,0;2,0;2,0;2025-11-23
43251145543915038154650720000252821780164547;03/11/2025;CARREFOUR COMERCIO E INDUSTRIA LTDA;Não informado;3,23;AG MINL S GAS PEDRA;Nao_Classificado;1,0;4,99;4,99;2025-11-03
43251145543915038154650720000252821780164547;03/11/2025;CARREFOUR COMERCIO E INDUSTRIA LTDA;Não informado;3,23;CRM DENT SORRISO DEN;Nao_Classificado;1,0;3,49;3,49;2025-11-03
43251145543915038154650720000252821780164547;03/11/2025;CARREFOUR COMERCIO E INDUSTRIA LTDA;Não informado;3,23;ESCOVA ORALB PRO 1U;Higiene_Limpeza_Seca;1,0;1,99;1,99;2025-11-03
43251160257605000194650010000059801291045172;29/11/2025;FVE COMERCIO DE CHOCOLATES LTDA;Não informado;8,32;#1700900#18069000#TRU COCO 30;Nao_Classificado;5,0;5,29;26,45;2025-11-29
43251160257605000194650010000059801291045172;29/11/2025;FVE COMERCIO DE CHOCOLATES LTDA;Não informado;8,32;#1700900#18069000#TRU MENTA 30;Nao_Classificado;5,0;5,29;26,45;2025-11-29
43251192091891002796652040005297901098628097;11/11/2025;ASUN COMERCIO DE GENEROS ALIMENTICIOS LTDA;Não informado;0,00;MAMAO PAPAYA kg;Hortifruti_Baixo_Carbono;0,418;12,98;5,43;2025-11-11
43251192091891002796652040005297901098628097;11/11/2025;ASUN COMERCIO DE GENEROS ALIMENTICIOS LTDA;Não informado;0,00;TOMATE LONGA VIDA kg;Hortifruti_Baixo_Carbono;0,217;6,99;1,52;2025-11-11
43251192091891002796652040005297901098628097;11/11/2025;ASUN COMERCIO DE GENEROS ALIMENTICIOS LTDA;Não informado;0,00;BOMBOM GAROTO SERENATA AMOR UN;Laticinios_Derivados;1,0;1,29;1,29;2025-11-11
43251192091891002796652040005297901098628097;11/11/2025;ASUN COMERCIO DE GENEROS ALIMENTICIOS LTDA;Não informado;0,00;BOMBOM GAROTO SERENATA AMOR UN;Laticinios_Derivados;1,0;1,29;1,29;2025-11-11
43251192091891002796652040005297901098628097;11/11/2025;ASUN COMERCIO DE GENEROS ALIMENTICIOS LTDA;Não informado;0,00;PAO CACETINHO kg ASUN;Carboidratos_Processados;0,072;14,99;1,08;2025-11-11
43251192091891002796652040005297901098628097;11/11/2025;ASUN COMERCIO DE GENEROS ALIMENTICIOS LTDA;Não informado;0,00;PAO HAMBURGUER WICKBOLD 320g BRIOCHE;Proteina_Alta_Carbono;1,0;13,29;13,29;2025-11-11
43251192091891002796652040005297901098628097;11/11/2025;ASUN COMERCIO DE GENEROS ALIMENTICIOS LTDA;Não informado;0,00;MERENGUE ASUN kg;Nao_Classificado;0,094;69,9;6,57;2025-11-11
43251192091891002796652040005297901098628097;11/11/2025;ASUN COMERCIO DE GENEROS ALIMENTICIOS LTDA;Não informado;0,00;LEITE TIPO B SANTA CLARA 1L GF ESPECIAL;Laticinios_Derivados;1,0;6,98;6,98;2025-11-11
43251192091891002796652040005297901098628097;11/11/2025;ASUN COMERCIO DE GENEROS ALIMENTICIOS LTDA;Não informado;0,00;OVOS CANARINHO VERMELHOS 6un;Nao_Classificado;1,0;6,99;6,99;2025-11-11
43251193015006002400651150012758321278361205;16/11/2025;COMPANHIA ZAFFARI COMERCIO E INDUSTRIA;Não informado;9,47;FILEZINHO FGO SADIA IQF 1KG;Proteina_Alta_Carbono;1,0;25,9;25,9;2025-11-16
43251193015006002400651150012758321278361205;16/11/2025;COMPANHIA ZAFFARI COMERCIO E INDUSTRIA;Não informado;9,47;PAO SAND S.BOYS F.FIBRAS 450G;Carboidratos_Processados;1,0;9,39;9,39;2025-11-16
43251193015006002400651150012758321278361205;16/11/2025;COMPANHIA ZAFFARI COMERCIO E INDUSTRIA;Não informado;9,47;VINAG ALCOOL WINNA 750ML;Higiene_Limpeza_Quimica;4,0;2,79;11,16;2025-11-16
43251193015006002400651150012758321278361205;16/11/2025;COMPANHIA ZAFFARI COMERCIO E INDUSTRIA;Não informado;9,47;B NUTS HARTS CRAN&CH VEG 35G;Hortifruti_Baixo_Carbono;2,0;5,68;11,36;2025-11-16
43251193015006002400651150012758321278361205;16/11/2025;COMPANHIA ZAFFARI COMERCIO E INDUSTRIA;Não informado;9,47;FOLHA ALUM WYDA 30CMX7,5M;Nao_Classificado;2,0;5,99;11,98;2025-11-16
43251193489243004537650020020663481220970323;03/11/2025;COML BUFFON COMB E TRANSP LTDA - POSTO 45;Não informado;74,76;OLEO DIESEL B S10 Bc-18;Combustiveis_Fosseis;32,0303;6,29;201,47;2025-11-03
43251242591651229213650730003727711436233260;05/12/2025;ARCOS DOURADOS COMERCIO DE ALIMENTOS SA;Não informado;8,99;Coca300 PrMcL;Nao_Classificado;1,0;9,9;9,9;2025-12-05
43251242591651229213650730003727711436233260;05/12/2025;ARCOS DOURADOS COMERCIO DE ALIMENTOS SA;Não informado;8,99;McL Feliz CB Pr;Nao_Classificado;1,0;14,2;14,2;2025-12-05
43251242591651229213650730003727711436233260;05/12/2025;ARCOS DOURADOS COMERCIO DE ALIMENTOS SA;Não informado;8,99;Batata Kids Pr;Hortifruti_Baixo_Carbono;1,0;3,75;3,75;2025-12-05
43251242591651229213650730003727711436233260;05/12/2025;ARCOS DOURADOS COMERCIO DE ALIMENTOS SA;Não informado;8,99;Bat Kid MFL;Nao_Classificado;1,0;1,15;1,15;2025-12-05
43251242591651229213650730003727711436233260;05/12/2025;ARCOS DOURADOS COMERCIO DE ALIMENTOS SA;Não informado;8,99;BR4 Nick Pr;Nao_Classificado;1,0;5,6;5,6;2025-12-05
43251242591651229213650730003727711436233260;05/12/2025;ARCOS DOURADOS COMERCIO DE ALIMENTOS SA;Não informado;8,99;Walki Torta;Nao_Classificado;2,0;7,5;15,0;2025-12-05
43251288212113110207650070000184661341214747;05/12/2025;COMERCIO DE MEDICAMENTOS BRAIR LTDA;Não informado;25,37;ENO 5G 2 ENV EFERV GUARANA GSK AV*;Nao_Classificado;2,0;4,93;9,86;2025-12-05
43251288212113110207650070000184661341214747;05/12/2025;COMERCIO DE MEDICAMENTOS BRAIR LTDA;Não informado;25,37;ENO 5G 2 ENV EFERV ABACAXI GSK AV*;Hortifruti_Baixo_Carbono;1,0;4,93;4,93;2025-12-05
43251288212113110207650070000184661341214747;05/12/2025;COMERCIO DE MEDICAMENTOS BRAIR LTDA;Não informado;25,37;AGUA CRYSTAL SPARKLING C/GAS FRUTAS VERMELHAS 510ML;Nao_Classificado;1,0;5,29;5,29;2025-12-05
43251288212113110207650070000184661341214747;05/12/2025;COMERCIO DE MEDICAMENTOS BRAIR LTDA;Não informado;25,37;REFRI COCA COLA LATA 350ML;Nao_Classificado;1,0;5,29;5,29;2025-12-05
43251289470462001077650060008674691612197518;17/12/2025;ABASTECEDORA ABM LTDA;Não informado;17,00;GASOLINA COMUM;Combustiveis_Fosseis;16,208;6,17;100,0;2025-12-17
43251292910389000120650010000565021000565015;05/12/2025;LUIZ R. FELIPPE;Não informado;0,00;AREIA MEDIA/FINA 20 KG;Nao_Classificado;1,0;8,0;8,0;2025-12-05
43260194846755000155651050004046631653162742;12/01/2026;SUPERMERCADO GUANABARA S.A;Não informado;0,00;PAD PAO FRANCES C kg;Carboidratos_Processados;0,134;15,9;2,13;2026-01-12
43260194846755000155651050004046631653162742;12/01/2026;SUPERMERCADO GUANABARA S.A;Não informado;0,00;LANCH TRANCA SERRA CANAST UN FGO C/REQUEIJAO;Laticinios_Derivados;1,0;6,9;6,9;2026-01-12
43260194846755000155651050004046631653162742;12/01/2026;SUPERMERCADO GUANABARA S.A;Não informado;0,00;BEB NECTAR CBS TP 1L MORANGO;Nao_Classificado;1,0;8,49;8,49;2026-01-12
43260194846755000155651050004046631653162742;12/01/2026;SUPERMERCADO GUANABARA S.A;Não informado;0,00;LARANJA SUCO kg;Hortifruti_Baixo_Carbono;0,422;5,68;2,4;2026-01-12
43260194846755000155651050004046631653162742;12/01/2026;SUPERMERCADO GUANABARA S.A;Não informado;0,00;IOGURTE BATAVO 170G NATURAL MEL;Laticinios_Derivados;1,0;3,25;3,25;2026-01-12
43260194846755000155651050004046631653162742;12/01/2026;SUPERMERCADO GUANABARA S.A;Não informado;0,00;DOCE LEITE -kg TRADICIONAL;Laticinios_Derivados;0,166;25,9;4,3;2026-01-12
43260194846755000155651050004046631653162742;12/01/2026;SUPERMERCADO GUANABARA S.A;Não informado;0,00;SABONETE REXONA 84G ANTIBAC L PROF;Higiene_Limpeza_Quimica;1,0;2,79;2,79;2026-01-12
43260275503821010617650120000147401894327329;12/02/2026;COMERCIO E INDUSTRIA DE SORVETES ESKIMO LTDA;Não informado;12,74;PICOLE FRUTA ABACAXI;Hortifruti_Baixo_Carbono;2,0;2,5;5,0;2026-02-12
43260275503821010617650120000147401894327329;12/02/2026;COMERCIO E INDUSTRIA DE SORVETES ESKIMO LTDA;Não informado;12,74;PICOLE FRUTA MARACUJA;Nao_Classificado;2,0;2,5;5,0;2026-02-12
43260275503821010617650120000147401894327329;12/02/2026;COMERCIO E INDUSTRIA DE SORVETES ESKIMO LTDA;Não informado;12,74;PICOLE FRUTA MORANGO;Nao_Classificado;2,0;2,5;5,0;2026-02-12
43260275503821010617650120000147401894327329;12/02/2026;COMERCIO E INDUSTRIA DE SORVETES ESKIMO LTDA;Não informado;12,74;PICOLE FRUTA LIMAO;Hortifruti_Baixo_Carbono;3,0;2,5;7,5;2026-02-12
43260275503821010617650120000147401894327329;12/02/2026;COMERCIO E INDUSTRIA DE SORVETES ESKIMO LTDA;Não informado;12,74;PICOLE FRUTA UVA;Hortifruti_Baixo_Carbono;3,0;2,5;7,5;2026-02-12
43260275503821010617650120000147401894327329;12/02/2026;COMERCIO E INDUSTRIA DE SORVETES ESKIMO LTDA;Não informado;12,74;PICOLE FRUTA FRAMBOESA;Nao_Classificado;2,0;2,5;5,0;2026-02-12
43260293015006004968651220011025091648463363;28/02/2026;COMPANHIA ZAFFARI COMERCIO E INDUSTRIA;Não informado;108,01;LEITE COND PIRAC S.DES 395G;Laticinios_Derivados;2,0;4,99;9,98;2026-02-28
43260293015006004968651220011025091648463363;28/02/2026;COMPANHIA ZAFFARI COMERCIO E INDUSTRIA;Não informado;108,01;CR LEITE PARMALAT TP200G;Laticinios_Derivados;2,0;2,49;4,98;2026-02-28
43260293015006004968651220011025091648463363;28/02/2026;COMPANHIA ZAFFARI COMERCIO E INDUSTRIA;Não informado;108,01;MOLHO TOM ODERICH TRAD SH300G;Nao_Classificado;2,0;1,65;3,3;2026-02-28
43260293015006004968651220011025091648463363;28/02/2026;COMPANHIA ZAFFARI COMERCIO E INDUSTRIA;Não informado;108,01;BISC BAUDUCCO BISCUIT M.AMG 80G;Nao_Classificado;1,0;7,98;7,98;2026-02-28
43260293015006004968651220011025091648463363;28/02/2026;COMPANHIA ZAFFARI COMERCIO E INDUSTRIA;Não informado;108,01;CHOC NESTLE CHOCOTRIO AO LTE 90G;Nao_Classificado;1,0;9,98;9,98;2026-02-28
43260293015006004968651220011025091648463363;28/02/2026;COMPANHIA ZAFFARI COMERCIO E INDUSTRIA;Não informado;108,01;CHOC NEGRESCO RECH 90G;Nao_Classificado;1,0;10,9;10,9;2026-02-28
43260293015006004968651220011025091648463363;28/02/2026;COMPANHIA ZAFFARI COMERCIO E INDUSTRIA;Não informado;108,01;ALIM CAO D.CHOW FIL RP 100G;Nao_Classificado;4,0;3,69;14,76;2026-02-28
43260293015006004968651220011025091648463363;28/02/2026;COMPANHIA ZAFFARI COMERCIO E INDUSTRIA;Não informado;108,01;ALIM CAO PEDIGREE FGO 100G;Pet;2,0;2,99;5,98;2026-02-28
43260293015006004968651220011025091648463363;28/02/2026;COMPANHIA ZAFFARI COMERCIO E INDUSTRIA;Não informado;108,01;PALETA S/OSSO EF;Proteina_Alta_Carbono;1,1599;38,9;45,12;2026-02-28
43260293015006004968651220011025091648463363;28/02/2026;COMPANHIA ZAFFARI COMERCIO E INDUSTRIA;Não informado;108,01;PEITO FRANGO PERDIGAO DEF CP AS;Proteina_Alta_Carbono;0,182;62,9;11,45;2026-02-28
43260293015006004968651220011025091648463363;28/02/2026;COMPANHIA ZAFFARI COMERCIO E INDUSTRIA;Não informado;108,01;QJO MUSSARELA PRES FAT 150G;Laticinios_Derivados;1,0;8,79;8,79;2026-02-28
43260293015006004968651220011025091648463363;28/02/2026;COMPANHIA ZAFFARI COMERCIO E INDUSTRIA;Não informado;108,01;SORV SORVELAND CHOCOLATE 2L;Nao_Classificado;1,0;35,9;35,9;2026-02-28
43260293015006004968651220011025091648463363;28/02/2026;COMPANHIA ZAFFARI COMERCIO E INDUSTRIA;Não informado;108,01;SUCO NATURALE LARANJA INT 1L;Hortifruti_Baixo_Carbono;1,0;10,9;10,9;2026-02-28
43260293015006004968651220011025091648463363;28/02/2026;COMPANHIA ZAFFARI COMERCIO E INDUSTRIA;Não informado;108,01;GELATO SORVELAND PISTACCH 950ML;Nao_Classificado;1,0;45,9;45,9;2026-02-28
43260293015006004968651220011025091648463363;28/02/2026;COMPANHIA ZAFFARI COMERCIO E INDUSTRIA;Não informado;108,01;GOMA TRIDENT HORTELA 8G;Nao_Classificado;1,0;3,69;3,69;2026-02-28
43260293015006004968651220011025091648463363;28/02/2026;COMPANHIA ZAFFARI COMERCIO E INDUSTRIA;Não informado;108,01;NECTAR TIAL LARANJA 1L;Hortifruti_Baixo_Carbono;4,0;4,99;19,96;2026-02-28
43260293015006004968651220011025091648463363;28/02/2026;COMPANHIA ZAFFARI COMERCIO E INDUSTRIA;Não informado;108,01;BIFE FILE PTO A.SERRA RESF 700G;Proteina_Alta_Carbono;2,0;16,8;33,6;2026-02-28
43260293015006004968651220011025091648463363;28/02/2026;COMPANHIA ZAFFARI COMERCIO E INDUSTRIA;Não informado;108,01;PAO CACETINHO;Carboidratos_Processados;0,3761;15,9;5,98;2026-02-28
43260293015006004968651220011025091648463363;28/02/2026;COMPANHIA ZAFFARI COMERCIO E INDUSTRIA;Não informado;108,01;LIMAO TAITI GRANEL;Hortifruti_Baixo_Carbono;0,614;7,98;4,9;2026-02-28
43260293015006004968651220011025091648463363;28/02/2026;COMPANHIA ZAFFARI COMERCIO E INDUSTRIA;Não informado;108,01;BANANA PRATA GRANEL;Hortifruti_Baixo_Carbono;0,8318;8,98;7,47;2026-02-28
43260293015006004968651220011025091648463363;28/02/2026;COMPANHIA ZAFFARI COMERCIO E INDUSTRIA;Não informado;108,01;MASSA PENNE ISABELA SEMOLA 400G;Nao_Classificado;1,0;3,19;3,19;2026-02-28
43260293015006004968651220011025091648463363;28/02/2026;COMPANHIA ZAFFARI COMERCIO E INDUSTRIA;Não informado;108,01;LUVA M.USO DANNY MAXI M ANT AM;Hortifruti_Baixo_Carbono;2,0;13,99;27,98;2026-02-28
43260293015006004968651220011025091648463363;28/02/2026;COMPANHIA ZAFFARI COMERCIO E INDUSTRIA;Não informado;108,01;CAFE COFFEE++ GR C.MINAS 250G;Carboidratos_Processados;1,0;29,9;29,9;2026-02-28
43260293015006004968651220011025091648463363;28/02/2026;COMPANHIA ZAFFARI COMERCIO E INDUSTRIA;Não informado;108,01;OVO BRANCO EXTRA NATUROVOS C/30;Hortifruti_Baixo_Carbono;1,0;17,98;17,98;2026-02-28
43260301618146000915658520010326441004920470;31/03/2026;CENTER SHOP VENANCIO AIRES;Não informado;0,00;INSETIC MAT INSET RF;Higiene_Limpeza_Quimica;1,0;6,79;6,79;2026-03-31
43260301618146000915658520010326441004920470;31/03/2026;CENTER SHOP VENANCIO AIRES;Não informado;0,00;INSETIC MAT INSET RF;Higiene_Limpeza_Quimica;1,0;6,79;6,79;2026-03-31
43260301618146000915658520010326441004920470;31/03/2026;CENTER SHOP VENANCIO AIRES;Não informado;0,00;INSETIC MAT INSET RF;Higiene_Limpeza_Quimica;1,0;6,79;6,79;2026-03-31
43260301618146000915658520010326441004920470;31/03/2026;CENTER SHOP VENANCIO AIRES;Não informado;0,00;INSETIC MAT INSET RF;Higiene_Limpeza_Quimica;1,0;6,79;6,79;2026-03-31
43260301618146000915658520010326441004920470;31/03/2026;CENTER SHOP VENANCIO AIRES;Não informado;0,00;INSETIC MAT INSET RF;Higiene_Limpeza_Quimica;1,0;6,79;6,79;2026-03-31
43260304090047000144650080001916331986681117;19/03/2026;MARCO ANTONIO LETTNIN;Não informado;0,00;ELMA CHIPS CHEETOS ONDA 39G;Nao_Classificado;1,0;3,99;3,99;2026-03-19
43260304090047000144650080001916331986681117;19/03/2026;MARCO ANTONIO LETTNIN;Não informado;0,00;COCA COLA 600ML;Nao_Classificado;1,0;5,49;5,49;2026-03-19
43260304090047000144650080001916331986681117;19/03/2026;MARCO ANTONIO LETTNIN;Não informado;0,00;AGUA DA PEDRA 1,5L;Nao_Classificado;1,0;4,99;4,99;2026-03-19
43260304090047000144650080001916331986681117;19/03/2026;MARCO ANTONIO LETTNIN;Não informado;0,00;SANDUICHE NATURAL UN;Nao_Classificado;1,0;5,99;5,99;2026-03-19
43260304090047000144650090002132111199204989;18/03/2026;MARCO ANTONIO LETTNIN;Não informado;0,00;BERGAMOTA ORTANIQUE KG;Hortifruti_Baixo_Carbono;0,435;2,99;1,3;2026-03-18
43260304090047000144650090002132111199204989;18/03/2026;MARCO ANTONIO LETTNIN;Não informado;0,00;AGUA DA PEDRA 1,5L;Nao_Classificado;1,0;4,99;4,99;2026-03-18
43260304090047000144650090002132111199204989;18/03/2026;MARCO ANTONIO LETTNIN;Não informado;0,00;SAB. PALMOLIVE HID.NAT.85G;Nao_Classificado;1,0;2,99;2,99;2026-03-18
43260307718633003013650050009468711170362280;09/03/2026;UNIDASUL DISTRIBUIDORA ALIMENTICIA S/A;Não informado;1,79;BOLO INGLES 2X1 kg;Carboidratos_Processados;0,136;42,9;5,83;2026-03-09
43260307718633003013650050009468711170362280;09/03/2026;UNIDASUL DISTRIBUIDORA ALIMENTICIA S/A;Não informado;1,79;SANDUICHE PEIT FGO 2X1 kg;Proteina_Alta_Carbono;0,074;59,9;4,43;2026-03-09
43260307718633003013650050009468711170362280;09/03/2026;UNIDASUL DISTRIBUIDORA ALIMENTICIA S/A;Não informado;1,79;AGUA MIN CRYSTAL S/GAS 500ml;Nao_Classificado;1,0;1,99;1,99;2026-03-09
43260311933008000127650140001458721779121407;10/03/2026;J. C. BARCELLOS E CIA. LTDA.;Não informado;0,00;GC GASOLINA COMUM;Combustiveis_Fosseis;15,748;6,35;100,0;2026-03-10
43260364697381000192654010000019951880021670;08/03/2026;CSS KUNTZ MEIRA SUPERMERCADO LTDA;Não informado;1,48;H BANANA CATURRA KG;Hortifruti_Baixo_Carbono;1,501;4,9900000133;7,49;2026-03-08
43260364697381000192654010000019951880021670;08/03/2026;CSS KUNTZ MEIRA SUPERMERCADO LTDA;Não informado;1,48;LEITE 1L DALIA INTEGRAL UHT TAMPA;Laticinios_Derivados;1,0;3,99;3,99;2026-03-08
43260390010034000150650010004948501014948509;19/03/2026;FARMACIA FLOR DO CAMPO LTDA;Não informado;0,00;HASTES FLEX REVITART CARE C75UNID;Higiene_Limpeza_Seca;1,0;10,06;10,06;2026-03-19
43260390010034000150650010004948501014948509;19/03/2026;FARMACIA FLOR DO CAMPO LTDA;Não informado;0,00;CRE DENT COLGATE TRIPLA ACAO 90G;Nao_Classificado;1,0;8,5;8,5;2026-03-19
43260390010034000150650010004948501014948509;19/03/2026;FARMACIA FLOR DO CAMPO LTDA;Não informado;0,00;CHOCOLATE PRESTIGIO 33GR NESTLE;Nao_Classificado;1,0;4,13;4,13;2026-03-19
43260392091891002796652050004379141944543468;05/03/2026;ASUN COMERCIO DE GENEROS ALIMENTICIOS LTDA;Não informado;0,00;VINAGRE ALCOOL CHEMIM 750mL;Higiene_Limpeza_Quimica;1,0;2,59;2,59;2026-03-05
43260392091891002796652050004379141944543468;05/03/2026;ASUN COMERCIO DE GENEROS ALIMENTICIOS LTDA;Não informado;0,00;BARRA NUTS HARTS 35g CRANB/CHOCO;Hortifruti_Baixo_Carbono;1,0;6,79;6,79;2026-03-05
43260392091891002796652050004379141944543468;05/03/2026;ASUN COMERCIO DE GENEROS ALIMENTICIOS LTDA;Não informado;0,00;BARRA NUTS HARTS 35g CRANB/CHOCO;Hortifruti_Baixo_Carbono;1,0;6,79;6,79;2026-03-05
43260392091891002796652050004379141944543468;05/03/2026;ASUN COMERCIO DE GENEROS ALIMENTICIOS LTDA;Não informado;0,00;MANDOLATE KONRAD 30G TRADICIONAL;Nao_Classificado;1,0;2,39;2,39;2026-03-05
43260392091891002796652050004379141944543468;05/03/2026;ASUN COMERCIO DE GENEROS ALIMENTICIOS LTDA;Não informado;0,00;VINAGRE ALCOOL CHEMIM 750mL;Higiene_Limpeza_Quimica;1,0;2,59;2,59;2026-03-05
43260392091891002796652050004379141944543468;05/03/2026;ASUN COMERCIO DE GENEROS ALIMENTICIOS LTDA;Não informado;0,00;IOG VIDAVEG 170g VEGANO MOR MORANGO;Nao_Classificado;1,0;5,79;5,79;2026-03-05
43260393489243004537650020021576711091310289;13/03/2026;COML BUFFON COMB E TRANSP LTDA - POSTO 45;Não informado;86,76;OLEO DIESEL B S10 Bc-18;Combustiveis_Fosseis;34,2493;6,94;237,69;2026-03-13
43260393489243004537650020021650431231420135;24/03/2026;COML BUFFON COMB E TRANSP LTDA - POSTO 45;Não informado;145,15;OLEO DIESEL B S10 Bc-16;Combustiveis_Fosseis;53,81;7,39;397,66;2026-03-24
43260409564091000405650750003527731365776730;16/04/2026;R. SELAU LUMERTZ E CIA LTDA - FILIAL 3;Não informado;0,00;EMPADAO DE FRANGO C REQUEIJAO;Laticinios_Derivados;0,178;64,9;11,55;2026-04-16
43260409564091000405650750003527731365776730;16/04/2026;R. SELAU LUMERTZ E CIA LTDA - FILIAL 3;Não informado;0,00;RISOLES DE FRANGO PQ KG;Proteina_Alta_Carbono;0,078;54,9;4,28;2026-04-16
43260409564091000405650750003527731365776730;16/04/2026;R. SELAU LUMERTZ E CIA LTDA - FILIAL 3;Não informado;0,00;MINI PASTEL CARNE KG;Proteina_Alta_Carbono;0,074;54,9;4,06;2026-04-16
43260409564091000405650750003527731365776730;16/04/2026;R. SELAU LUMERTZ E CIA LTDA - FILIAL 3;Não informado;0,00;NESTLE BISC BONO RECHEADO CHO;Nao_Classificado;1,0;3,99;3,99;2026-04-16
43260409564091000405650750003527731365776730;16/04/2026;R. SELAU LUMERTZ E CIA LTDA - FILIAL 3;Não informado;0,00;FRUKI REFRI GUARANA PET 600ML;Nao_Classificado;1,0;4,99;4,99;2026-04-16
43260409564091000405650750003527731365776730;16/04/2026;R. SELAU LUMERTZ E CIA LTDA - FILIAL 3;Não informado;0,00;AGUA DA PEDRA AG MIN S GAS 50;Nao_Classificado;1,0;2,49;2,49;2026-04-16
43260409564091000405650750003527731365776730;16/04/2026;R. SELAU LUMERTZ E CIA LTDA - FILIAL 3;Não informado;0,00;FRUKI REFRI GUARANA E ABACAXI;Hortifruti_Baixo_Carbono;1,0;3,69;3,69;2026-04-16
43260509185272000188650010005723181105102434;10/05/2026;IRMAOS WERLANG C. G. A. LTDA;Não informado;0,00;REFRI COCACOLA ORIG 2L;Nao_Classificado;1,0;11,99;11,99;2026-05-10
43260509185272000188650010005723181105102434;10/05/2026;IRMAOS WERLANG C. G. A. LTDA;Não informado;0,00;REFRIG SPRITE ZERO 2L;Nao_Classificado;1,0;9,89;9,89;2026-05-10
43260509185272000188650010005723181105102434;10/05/2026;IRMAOS WERLANG C. G. A. LTDA;Não informado;0,00;QUEIJO RALADO FRIOLACK 40G;Laticinios_Derivados;2,0;4,59;9,18;2026-05-10
43260509185272000188650010005723181105102434;10/05/2026;IRMAOS WERLANG C. G. A. LTDA;Não informado;0,00;POLENTINA QUAKER 500G;Nao_Classificado;1,0;5,49;5,49;2026-05-10
43260509185272000188650010005723181105102434;10/05/2026;IRMAOS WERLANG C. G. A. LTDA;Não informado;0,00;MILHO VERDE QUERO LT 170G;Carboidratos_Processados;1,0;5,59;5,59;2026-05-10
43260509185272000188650010005723181105102434;10/05/2026;IRMAOS WERLANG C. G. A. LTDA;Não informado;0,00;BISC WAFER NUTELLA BREADY 22G;Nao_Classificado;2,0;3,99;7,98;2026-05-10
43260509185272000188650010005723181105102434;10/05/2026;IRMAOS WERLANG C. G. A. LTDA;Não informado;0,00;JORNAL DIARIO GAUCHO;Nao_Classificado;1,0;2,5;2,5;2026-05-10
43260509185272000188650030007643901140259103;10/05/2026;IRMAOS WERLANG C. G. A. LTDA;Não informado;0,00;SALSICHAO TOSCANA KG;Proteina_Alta_Carbono;0,936;21,99;20,58;2026-05-10
43260509185272000188650030007643901140259103;10/05/2026;IRMAOS WERLANG C. G. A. LTDA;Não informado;0,00;COXINHA DA ASA KG;Nao_Classificado;0,988;19,49;19,26;2026-05-10
43260509185272000188650030007643901140259103;10/05/2026;IRMAOS WERLANG C. G. A. LTDA;Não informado;0,00;CERVEJA CORONA SALC LG NECK 330ML;Nao_Classificado;12,0;7,49;89,88;2026-05-10
43260509185272000188650030007643901140259103;10/05/2026;IRMAOS WERLANG C. G. A. LTDA;Não informado;0,00;HALLS SABOR MENTA 28G;Nao_Classificado;1,0;2,49;2,49;2026-05-10
43260509185272000188650030007643901140259103;10/05/2026;IRMAOS WERLANG C. G. A. LTDA;Não informado;0,00;BOMBOM SONHO DE VALSA 20G;Nao_Classificado;1,0;1,99;1,99;2026-05-10
43260509185272000188650030007643901140259103;10/05/2026;IRMAOS WERLANG C. G. A. LTDA;Não informado;0,00;CHIC TRIDENT DE MELANCIA 8G;Hortifruti_Baixo_Carbono;1,0;3,29;3,29;2026-05-10
43260509185272000188650030007643901140259103;10/05/2026;IRMAOS WERLANG C. G. A. LTDA;Não informado;0,00;REFRI COCACOLA ORIG 25L;Nao_Classificado;1,0;14,09;14,09;2026-05-10
43260587101119000139650210000057791461087152;07/05/2026;SUPERMERCADO JEPSEN LTDA - MATRIZ;Não informado;0,00;SUCO BIRI FRUTAS CIT;Nao_Classificado;1,0;3,19;3,19;2026-05-07
43260587101119000139650210000057791461087152;07/05/2026;SUPERMERCADO JEPSEN LTDA - MATRIZ;Não informado;0,00;AGUA MINERAL DA PEDR;Nao_Classificado;2,0;1,89;3,78;2026-05-07
43260587101119000139650210000057791461087152;07/05/2026;SUPERMERCADO JEPSEN LTDA - MATRIZ;Não informado;0,00;SOBREMESA SANTA CLAR;Nao_Classificado;1,0;5,99;5,99;2026-05-07
43260587101119000139650210000057791461087152;07/05/2026;SUPERMERCADO JEPSEN LTDA - MATRIZ;Não informado;0,00;AMENDOIM DA COLONIA;Nao_Classificado;1,0;7,49;7,49;2026-05-07
43260587101119000139650210000057791461087152;07/05/2026;SUPERMERCADO JEPSEN LTDA - MATRIZ;Não informado;0,00;PASTEL FABCARNE;Proteina_Alta_Carbono;1,0;11,0;11,0;2026-05-07
43260587101119000139650210000057791461087152;07/05/2026;SUPERMERCADO JEPSEN LTDA - MATRIZ;Não informado;0,00;JORNAL O LOURENCIANO;Nao_Classificado;1,0;2,5;2,5;2026-05-07
43260587101119000210650250003335071556704140;05/05/2026;SUPERMERCADO JEPSEN LTDA - FILIAL;Não informado;0,00;LARANJA SUCO KG;Hortifruti_Baixo_Carbono;0,64;3,79;2,43;2026-05-05
43260587101119000210650250003335071556704140;05/05/2026;SUPERMERCADO JEPSEN LTDA - FILIAL;Não informado;0,00;BISCOITO NESTLE BONO;Carboidratos_Processados;1,0;2,59;2,59;2026-05-05
43260587101119000210650250003335071556704140;05/05/2026;SUPERMERCADO JEPSEN LTDA - FILIAL;Não informado;0,00;SUCO CBS MISTO MORAN;Nao_Classificado;1,0;9,39;9,39;2026-05-05
43260587101119000210650250003335071556704140;05/05/2026;SUPERMERCADO JEPSEN LTDA - FILIAL;Não informado;0,00;IOGURTE BATAVO NATUR;Laticinios_Derivados;1,0;4,49;4,49;2026-05-05
43260590102385000433654010001016901311601761;04/05/2026;Comercio de Alimentos Saalfeld e Cia Ltda;Não informado;0,00;ESPONJA ESFREBOM DURA MAIS;Higiene_Limpeza_Seca;1,0;1,99;1,99;2026-05-04
43260590102385000433654010001016901311601761;04/05/2026;Comercio de Alimentos Saalfeld e Cia Ltda;Não informado;0,00;ERVA MATE MADRUG. MOIDA GROSSA 500G;Proteina_Alta_Carbono;1,0;8,25;8,25;2026-05-04
43260590102385000433654010001016901311601761;04/05/2026;Comercio de Alimentos Saalfeld e Cia Ltda;Não informado;0,00;PASTEL FRITO CARNE CRISTAL KG;Proteina_Alta_Carbono;0,18;36,99;6,66;2026-05-04
43260590102385000433654010001016901311601761;04/05/2026;Comercio de Alimentos Saalfeld e Cia Ltda;Não informado;0,00;ENERG. MONSTER ULTRA STRWBRY DREAM 473ML;Nao_Classificado;1,0;9,99;9,99;2026-05-04
43260590102385000433654010001016901311601761;04/05/2026;Comercio de Alimentos Saalfeld e Cia Ltda;Não informado;0,00;SALADA DE FRUTAS CRISTAL KG;Nao_Classificado;0,252;22,99;5,79;2026-05-04
43260590102385000433654010001016901311601761;04/05/2026;Comercio de Alimentos Saalfeld e Cia Ltda;Não informado;0,00;AGUA MIN. DA PEDRA S GAS 1.5L;Nao_Classificado;1,0;3,59;3,59;2026-05-04
43260593015006004968651110009310581209761800;08/05/2026;COMPANHIA ZAFFARI COMERCIO E INDUSTRIA;Não informado;18,35;PASSATA MERCATTO 680G;Nao_Classificado;1,0;16,49;16,49;2026-05-08
43260593015006004968651110009310581209761800;08/05/2026;COMPANHIA ZAFFARI COMERCIO E INDUSTRIA;Não informado;18,35;MASSA PAPPARD MOLISANA GRAN 500G;Nao_Classificado;1,0;11,9;11,9;2026-05-08
43260593015006004968651110009310581209761800;08/05/2026;COMPANHIA ZAFFARI COMERCIO E INDUSTRIA;Não informado;18,35;SUCO NATURALE BERGAMOTA INT 1L;Hortifruti_Baixo_Carbono;2,0;14,9;29,8;2026-05-08
43260593489243000620650020019278561350840493;04/05/2026;COML BUFFON COMB E TRANSP LTDA - POSTO 06;Não informado;89,54;OLEO DIESEL B S10 Bc-11;Combustiveis_Fosseis;39,022;6,69;261,05;2026-05-04
43260593866739004400651040000007281000007297;03/05/2026;VISSOMZ ABASTE ESPECIAL DE ESSENCIAS ROGE COMERCIO LTDA;Não informado;0,00;Accordes Des Bdy Spr V7 100ml;Nao_Classificado;1,0;49,9;49,9;2026-05-03
43260593866739004400651040000007281000007297;03/05/2026;VISSOMZ ABASTE ESPECIAL DE ESSENCIAS ROGE COMERCIO LTDA;Não informado;0,00;Cbem Sab Barra Sortido V2 4x80g;Nao_Classificado;1,0;36,9;36,9;2026-05-03
43260593866739004400651040000007281000007297;03/05/2026;VISSOMZ ABASTE ESPECIAL DE ESSENCIAS ROGE COMERCIO LTDA;Não informado;0,00;Sacola M Maes/26 Boti Unit;Nao_Classificado;1,0;2,35;2,35;2026-05-03
43260594846755002956651080003115351838856841;06/05/2026;SUPERMERCADO GUANABARA S.A;Não informado;0,00;BEB PET FRUKI 2L SABOR GUARANA;Nao_Classificado;1,0;6,99;6,99;2026-05-06
43260594846755002956651080003115351838856841;06/05/2026;SUPERMERCADO GUANABARA S.A;Não informado;0,00;AGUA MINERAL CRYSTAL S/G 500ML;Nao_Classificado;1,0;1,95;1,95;2026-05-06
43260594846755002956651080003115351838856841;06/05/2026;SUPERMERCADO GUANABARA S.A;Não informado;0,00;MIST CAPPUCCINO 3 CORACOES 20G CHOCOLATE;Laticinios_Derivados;1,0;2,49;2,49;2026-05-06
43260594846755002956651080003115351838856841;06/05/2026;SUPERMERCADO GUANABARA S.A;Não informado;0,00;CHOC SNICKERS 42G DARK;Nao_Classificado;1,0;4,98;4,98;2026-05-06
43260594846755002956651080003115351838856841;06/05/2026;SUPERMERCADO GUANABARA S.A;Não informado;0,00;GOMA MASCAR TOPLINE UN 7BELO FRAMBOESA;Nao_Classificado;1,0;1,49;1,49;2026-05-06
